site,title,company,location,date_posted,job_url,job_url_direct,id,job_type,salary_source,interval,min_amount,max_amount,currency,is_remote,job_level,job_function,listing_type,emails,company_industry,company_url,company_url_direct,company_addresses,company_num_employees,company_revenue,company_description,skills,experience_range,company_rating,company_reviews_count,vacancy_count,work_from_home_type
linkedin,Biology Researcher (Masters/PhDs),Alignerr,,2026-04-28,https://www.linkedin.com/jobs/view/4407567550 , ,li-4407567550,contract,,,,,,True,mid-senior level,"Research, Analyst, and Information Technology",,,"Technology, Information and Internet",https://www.linkedin.com/company/alignerr,,,,,,,,,,,
linkedin,Senior Data Scientist Workforce Optimization (m/f/d),SIXT,"Munich, Bavaria, Germany",2026-04-28,https://www.linkedin.com/jobs/view/4359676892 , ,li-4359676892,fulltime,,,,,,False,mid-senior level,Engineering and Information Technology,,,Travel Arrangements,https://de.linkedin.com/company/sixt,,,,,,,,,,,
linkedin,Wissenschaftliche Mitarbeit Social Media Kommunikation (m/w/d),FAU Erlangen-Nürnberg,"Erlangen, Bavaria, Germany",2026-04-28,https://www.linkedin.com/jobs/view/4407871076 , ,li-4407871076,fulltime,,,,,,False,entry level,"Research, Analyst, and Information Technology",,,Research Services,https://de.linkedin.com/school/fau-erlangen-n%C3%BCrnberg/,,,,,,,,,,,
linkedin,Research Associate / Wissenschaftliche*r Mitarbeiter*in at the Institute of Circular Resource Engineering and Management,Hamburg University of Technology,"Hamburg, Hamburg, Germany",2026-04-28,https://www.linkedin.com/jobs/view/4407858356 , ,li-4407858356,fulltime,,,,,,False,entry level,"Research, Analyst, and Information Technology",,ayah.alassali@tuhh.de,Internet Publishing,https://de.linkedin.com/school/technische-universit%C3%A4t-hamburg/,,,,,,,,,,,
linkedin,Wissenschaftliche Mitarbeiter (m/w/d),Oppenhoff,"Munich, Bavaria, Germany",2026-04-28,https://www.linkedin.com/jobs/view/4407553178 , ,li-4407553178,internship,,,,,,False,internship,Legal,,,Law Practice,https://de.linkedin.com/company/oppenhoff,,,,,,,,,,,
linkedin,Mixed Methods User Researcher,immowelt,"Berlin, Berlin, Germany",2026-04-28,https://www.linkedin.com/jobs/view/4405539524 , ,li-4405539524,fulltime,,,,,,False,mid-senior level,Information Technology,,,"Real Estate and Technology, Information and Internet",https://de.linkedin.com/company/immowelt,,,,,,,,,,,
linkedin,Wissenschaftliche:r Mitarbeiter:in (Projekt ALMA-CETra) w/m/d,SRH University,"Heidelberg, Baden-Württemberg, Germany",2026-04-28,https://www.linkedin.com/jobs/view/4402992989 , ,li-4402992989,fulltime,,,,,,False,associate,"Research, Analyst, and Information Technology",,Johannes.Schauwienold@srh.de,Individual and Family Services,https://de.linkedin.com/school/srh-university/,,,,,,,,,,,
linkedin,Wissenschaftliche Mitarbeit Community Management Digital (m/w/d),FAU Erlangen-Nürnberg,"Erlangen, Bavaria, Germany",2026-04-28,https://www.linkedin.com/jobs/view/4407856853 , ,li-4407856853,fulltime,,,,,,False,entry level,"Research, Analyst, and Information Technology",,,Research Services,https://de.linkedin.com/school/fau-erlangen-n%C3%BCrnberg/,,,,,,,,,,,
linkedin,EIB Trainee - Group Information Systems Directorate - Digital Transformation & Innovation Department - AI Adoption & Business Solutions Unit - based in Luxembourg,European Investment Bank (EIB),"Berlin, Berlin, Germany",2026-04-28,https://www.linkedin.com/jobs/view/4407573100 , ,li-4407573100,fulltime,,,,,,False,not applicable,Other,,_recruitment@eib.org,Banking,https://lu.linkedin.com/company/european-investment-bank,,,,,,,,,,,
linkedin,"Data Scientist, Growth Data Products",GetYourGuide,"Berlin, Berlin, Germany",2026-04-28,https://www.linkedin.com/jobs/view/4407811825 , ,li-4407811825,fulltime,,,,,,False,associate,Information Technology and Engineering,,jobs@getyourguide.com,"Technology, Information and Internet and Travel Arrangements",https://de.linkedin.com/company/getyourguide-ag,,,,,,,,,,,
linkedin,Wissenschaftliche Mitarbeiter (m/w/d) Gesellschaftsrecht / M&A,Oppenhoff,"Cologne, North Rhine-Westphalia, Germany",2026-04-28,https://www.linkedin.com/jobs/view/4407549194 , ,li-4407549194,internship,,,,,,False,internship,Legal,,,Law Practice,https://de.linkedin.com/company/oppenhoff,,,,,,,,,,,
linkedin,Wissenschaftliche Mitarbeiter (m/w/d) im Bereich Gewerblicher Rechtsschutz,"SZA Schilling, Zutt & Anschütz","Mannheim, Baden-Württemberg, Germany",2026-04-28,https://www.linkedin.com/jobs/view/4407559162 , ,li-4407559162,internship,,,,,,False,internship,Legal,,,Law Practice,https://de.linkedin.com/company/sza-schilling-zutt-&-anschuetz,,,,,,,,,,,
linkedin,wissenschaftliche*n Mitarbeiter*in (m/w/d),Fachhochschule Braunschweig-Wolfenbüttel,"Wolfsburg, Lower Saxony, Germany",2026-04-28,https://www.linkedin.com/jobs/view/4407840967 , ,li-4407840967,fulltime,,,,,,False,entry level,"Research, Analyst, and Information Technology",,,Higher Education,https://de.linkedin.com/company/fachhochschule-braunschweig-wolfenb%C3%BCttel,,,,,,,,,,,
linkedin,Wissenschaftliche Mitarbeiter (m/w/d) im Bereich Prozessführung und Schiedsverfahren,"SZA Schilling, Zutt & Anschütz","Frankfurt, Hesse, Germany",2026-04-28,https://www.linkedin.com/jobs/view/4407562122 , ,li-4407562122,internship,,,,,,False,internship,Legal,,,Law Practice,https://de.linkedin.com/company/sza-schilling-zutt-&-anschuetz,,,,,,,,,,,
linkedin,Postdoctoral Researcher in  Antifungal Natural Product Discovery,Friedrich Schiller University Jena,"Jena, Thuringia, Germany",2026-04-27,https://www.linkedin.com/jobs/view/4405158235 , ,li-4405158235,parttime,,,,,,False,internship,"Research, Analyst, and Information Technology",,,Internet Publishing,https://de.linkedin.com/school/friedrich-schiller-universit%C3%A4t-jena/,,,,,,,,,,,
linkedin,Wissenschaftliche*n Mitarbeiter*in (w/m/d) im Lehrgebiet Energiewirtschaft,FernUniversität in Hagen,"Hagen, North Rhine-Westphalia, Germany",2026-04-27,https://www.linkedin.com/jobs/view/4406396074 , ,li-4406396074,fulltime,,,,,,False,associate,"Research, Analyst, and Information Technology",,,Higher Education,https://de.linkedin.com/school/fernunihagen/,,,,,,,,,,,
linkedin,Wiss. Mitarbeiter*in (Praedoc) (m/w/d) (DM-687),Freie Universität Berlin,"Berlin, Berlin, Germany",2026-04-27,https://www.linkedin.com/jobs/view/4404676229 , ,li-4404676229,parttime,,,,,,False,mid-senior level,"Research, Analyst, and Information Technology",,stm@physik.fu,Research Services,https://de.linkedin.com/school/freie-universitat-berlin/,,,,,,,,,,,
linkedin,Wissenschaftliche*r Mitarbeiter*in  - Doktorand*in (m/w/d),Ruhr University Bochum,"Bochum, North Rhine-Westphalia, Germany",2026-04-27,https://www.linkedin.com/jobs/view/4407174908 , ,li-4407174908,fulltime,,,,,,False,internship,"Research, Analyst, and Information Technology",,wpr@rub.de,Internet Publishing,https://de.linkedin.com/school/ruhrunibochum/,,,,,,,,,,,
linkedin,"Übungsleiter*in für unser Projekt ""Werk-Atelier""",DRK Frankfurt,"Frankfurt, Hesse, Germany",2026-04-27,https://www.linkedin.com/jobs/view/4405163172 , ,li-4405163172,fulltime,,,,,,False,entry level,Education and Training,,,Internet Publishing,https://de.linkedin.com/company/drk-frankfurt,,,,,,,,,,,
linkedin,Data Scientist,Booz Allen Hamilton,"Wiesbaden, Hesse, Germany",2026-04-27,https://www.linkedin.com/jobs/view/4407487863 , ,li-4407487863,fulltime,,,,,,True,not applicable,Engineering and Information Technology,,,Software Development,https://www.linkedin.com/company/booz-allen-hamilton,,,,,,,,,,,
linkedin,Remote Mathematics Researcher (PhD),Turing,,2026-04-27,https://www.linkedin.com/jobs/view/4407469961 , ,li-4407469961,contract,,,,,,True,entry level,Information Technology,,,"Technology, Information and Media",https://www.linkedin.com/company/turingcom,,,,,,,,,,,
linkedin,Wissenschaftliche/r Mitarbeiter/in - Sicherheitsrelevante Erdbeobachtung,German Aerospace Center (DLR),"Bonn, North Rhine-Westphalia, Germany",2026-04-27,https://www.linkedin.com/jobs/view/4405847872 , ,li-4405847872,fulltime,,,,,,False,entry level,"Research, Analyst, and Information Technology",,,Research Services,https://de.linkedin.com/company/dlr,,,,,,,,,,,
linkedin,Wissenschaftliche*r Mitarbeiter*in (w/m/d) im Lehrgebiet Energiewirtschaft,FernUniversität in Hagen,"Hagen, North Rhine-Westphalia, Germany",2026-04-27,https://www.linkedin.com/jobs/view/4405184605 , ,li-4405184605,fulltime,,,,,,False,entry level,"Research, Analyst, and Information Technology",,,Higher Education,https://de.linkedin.com/school/fernunihagen/,,,,,,,,,,,
linkedin,Wissenschaftliche*n Mitarbeiter*in (m/w/d) (65%) (TV-L E13) im Teilprojekt A03 »Virtuelle Environments: Künstliches Leben«,Ruhr University Bochum,"Bochum, North Rhine-Westphalia, Germany",2026-04-27,https://www.linkedin.com/jobs/view/4407417631 , ,li-4407417631,fulltime,,,,,,False,entry level,"Research, Analyst, and Information Technology",,wpr@rub.de,Internet Publishing,https://de.linkedin.com/school/ruhrunibochum/,,,,,,,,,,,
linkedin,Wissenschaftliche:r Mitarbeiter:in Soziologie / PostDoc § 28 Abs. 2 HmbHG,University of Hamburg,"Hamburg, Hamburg, Germany",2026-04-27,https://www.linkedin.com/jobs/view/4406208674 , ,li-4406208674,fulltime,,,,,,False,not applicable,"Research, Analyst, and Information Technology",,,Research Services,https://de.linkedin.com/school/unihamburg/,,,,,,,,,,,
linkedin,"Wissenschaftliche*n Mitarbeiter*in (m/w/d) für die Dauer von 4 Jahren mit 25,8895 Wochenstunden",Ruhr University Bochum,"Bochum, North Rhine-Westphalia, Germany",2026-04-27,https://www.linkedin.com/jobs/view/4407409731 , ,li-4407409731,fulltime,,,,,,False,entry level,"Research, Analyst, and Information Technology",,wpr@rub.de,Internet Publishing,https://de.linkedin.com/school/ruhrunibochum/,,,,,,,,,,,
linkedin,Wissenschaftliche*n Mitarbeiter*in (m/w/d) (65%) (TV-L E13) im Teilprojekt B05 »Virtuelle Erinnerung: Imagination und Visualisierung vergangener Lebenswelten«,Ruhr University Bochum,"Bochum, North Rhine-Westphalia, Germany",2026-04-27,https://www.linkedin.com/jobs/view/4405154249 , ,li-4405154249,fulltime,,,,,,False,entry level,"Research, Analyst, and Information Technology",,wpr@rub.de,Internet Publishing,https://de.linkedin.com/school/ruhrunibochum/,,,,,,,,,,,
linkedin,"Wissenschaftliche/r Mitarbeiter/in (m, w, d) für die die Abteilung „Lehren und Lernen“",Leibniz Association,"Bonn, North Rhine-Westphalia, Germany",2026-04-27,https://www.linkedin.com/jobs/view/4407441286 , ,li-4407441286,fulltime,,,,,,False,not applicable,"Research, Analyst, and Information Technology",,,Research,https://de.linkedin.com/company/leibniz-gemeinschaft,,,,,,,,,,,
linkedin,AI Trainer - Freelance Data Annotator,Toloka Annotators,"Berlin, Berlin, Germany",2026-04-27,https://www.linkedin.com/jobs/view/4407456172 , ,li-4407456172,parttime,,,,,,True,entry level,Other,,,IT Services and IT Consulting,https://www.linkedin.com/company/toloka-annotators,,,,,,,,,,,
linkedin,Wissenschaftliche*r Mitarbeiter*in,Marburg University,"Marburg an der Lahn, Hesse, Germany",2026-04-27,https://www.linkedin.com/jobs/view/4405161232 , ,li-4405161232,fulltime,,,,,,False,mid-senior level,"Research, Analyst, and Information Technology",,rieken@staff.uni,Internet Publishing,https://de.linkedin.com/school/philipps-universit-t-marburg/,,,,,,,,,,,
linkedin,Wissenschaftliche*n Mitarbeiter*in (m/w/d) für die Dauer von vorerst einem Jahr,Ruhr University Bochum,"Bochum, North Rhine-Westphalia, Germany",2026-04-27,https://www.linkedin.com/jobs/view/4407185038 , ,li-4407185038,fulltime,,,,,,False,entry level,"Research, Analyst, and Information Technology",,wpr@rub.de,Internet Publishing,https://de.linkedin.com/school/ruhrunibochum/,,,,,,,,,,,
linkedin,Wiss. Mitarbeiter*in (m/w/d) mit Daueraufgaben Vollzeitbeschäftigung unbefristet Entgeltgruppe 14 TV-L FU Kennung: 250798,Freie Universität Berlin,"Berlin, Berlin, Germany",2026-04-26,https://www.linkedin.com/jobs/view/4404638364 , ,li-4404638364,fulltime,,,,,,False,mid-senior level,"Research, Analyst, and Information Technology",,,Research Services,https://de.linkedin.com/school/freie-universitat-berlin/,,,,,,,,,,,
linkedin,"2026, Student / Research Assistant, Dusseldorf",Clyde & Co,"Düsseldorf, North Rhine-Westphalia, Germany",2026-04-25,https://www.linkedin.com/jobs/view/4359362550 , ,li-4359362550,fulltime,,,,,,False,internship,"Research, Analyst, and Information Technology",,,Law Practice,https://uk.linkedin.com/company/clydeco,,,,,,,,,,,
linkedin,Limited employment up to 6 months (f/m/d) - Data Scientist - Security Validation&Penetration Testing,SAP,"Sankt Leon-Rot, Baden-Württemberg, Germany",2026-04-25,https://www.linkedin.com/jobs/view/4383960647 , ,li-4383960647,internship,,,,,,False,not applicable,Engineering and Information Technology,,Careers@sap.com,"Software Development, IT Services and IT Consulting, and Business Consulting and Services",https://de.linkedin.com/company/sap,,,,,,,,,,,
linkedin,Infrastructure & Logistics Data Scientist,Booz Allen Hamilton,"Stuttgart, Baden-Württemberg, Germany",2026-04-25,https://www.linkedin.com/jobs/view/4385178597 , ,li-4385178597,fulltime,,,,,,True,not applicable,Engineering and Information Technology,,,Software Development,https://www.linkedin.com/company/booz-allen-hamilton,,,,,,,,,,,
linkedin,Data Scientist / Data Analyst (w/m/d),HiSolutions AG,"Berlin, Berlin, Germany",2026-04-25,https://www.linkedin.com/jobs/view/4384850018 , ,li-4384850018,fulltime,,,,,,False,entry level,Engineering and Information Technology,,,IT Services and IT Consulting,https://de.linkedin.com/company/hisolutions-ag,,,,,,,,,,,
linkedin,PostDoc,Friedrich Schiller University Jena,"Jena, Thuringia, Germany",2026-04-24,https://www.linkedin.com/jobs/view/4406613145 , ,li-4406613145,parttime,,,,,,False,internship,"Research, Analyst, and Information Technology",,,Internet Publishing,https://de.linkedin.com/school/friedrich-schiller-universit%C3%A4t-jena/,,,,,,,,,,,
linkedin,Research Associate – UNSW Defence-funded project,UNSW,"Frankfurt, Hesse, Germany",2026-04-24,https://www.linkedin.com/jobs/view/4403705167 , ,li-4403705167,fulltime,,,,,,False,mid-senior level,Research,,a.hamoud@unsw.edu.au,Higher Education and Research Services,https://au.linkedin.com/school/unsw/,,,,,,,,,,,
linkedin,Wissenschaftliche Mitarbeiter / Referendare (m/w/d),"Greenberg Traurig Germany, LLP","Berlin, Germany",2026-04-24,https://www.linkedin.com/jobs/view/4132529263 , ,li-4132529263,parttime,,,,,,False,entry level,"Research, Analyst, and Information Technology",,recruitment@gtlaw.de,Law Practice,https://de.linkedin.com/company/greenberg-traurig-germany-llp,,,,,,,,,,,
linkedin,"Übungsleiter*in | Rehasport, Fitness",RPG Halle,"Halle, Saxony-Anhalt, Germany",2026-04-24,https://www.linkedin.com/jobs/view/4403775243 , ,li-4403775243,fulltime,,,,,,False,entry level,Other,,,Hospitals and Health Care,https://www.linkedin.com/company/rpg-halle,,,,,,,,,,,
linkedin,Senior Data Scientist (m/f/d),Experian,"Düsseldorf, North Rhine-Westphalia, Germany",2026-04-24,https://www.linkedin.com/jobs/view/4385373055 , ,li-4385373055,fulltime,,,,,,True,mid-senior level,Information Technology,,,Information Services,https://www.linkedin.com/company/experian,,,,,,,,,,,
linkedin,Product Analyst (m/f/d),Flink,"Berlin, Berlin, Germany",2026-04-24,https://www.linkedin.com/jobs/view/4405321343 , ,li-4405321343,fulltime,,,,,,False,mid-senior level,Analyst,,,Software Development,https://de.linkedin.com/company/goflink,,,,,,,,,,,
linkedin,"Germany Residents - Survey Participants - Leipzig, Germany",Prolific,"Leipzig, Saxony, Germany",2026-04-24,https://www.linkedin.com/jobs/view/4406120817 , ,li-4406120817,temporary,,,,,,True,entry level,Management and Manufacturing,,,Software Development,https://uk.linkedin.com/company/prolific-com,,,,,,,,,,,
linkedin,"Germany Residents - Survey Participants - Mannheim, Germany",Prolific,"Manheim, North Rhine-Westphalia, Germany",2026-04-24,https://www.linkedin.com/jobs/view/4406133051 , ,li-4406133051,temporary,,,,,,True,entry level,Management and Manufacturing,,,Software Development,https://uk.linkedin.com/company/prolific-com,,,,,,,,,,,
linkedin,"Germany Residents - Survey Participants - Wiesbaden, Germany",Prolific,"Wiesbaden, Hesse, Germany",2026-04-24,https://www.linkedin.com/jobs/view/4406121764 , ,li-4406121764,temporary,,,,,,True,entry level,Management and Manufacturing,,,Software Development,https://uk.linkedin.com/company/prolific-com,,,,,,,,,,,
linkedin,Wissenschaftliche:r Mitarbeiter:in In-Vivo Imaging von Astrozyten § 28 Abs. 2 HmbHG,University of Hamburg,"Hamburg, Hamburg, Germany",2026-04-24,https://www.linkedin.com/jobs/view/4406183073 , ,li-4406183073,fulltime,,,,,,False,mid-senior level,"Research, Analyst, and Information Technology",,,Research Services,https://de.linkedin.com/school/unihamburg/,,,,,,,,,,,
linkedin,Oncology Clinical Researcher,Alignerr,,2026-04-24,https://www.linkedin.com/jobs/view/4406104664 , ,li-4406104664,contract,,,,,,True,mid-senior level,"Research, Analyst, and Information Technology",,,"Technology, Information and Internet",https://www.linkedin.com/company/alignerr,,,,,,,,,,,
linkedin,"Germany Residents - Survey Participants - Dortmund, Germany",Prolific,"Dortmund, North Rhine-Westphalia, Germany",2026-04-24,https://www.linkedin.com/jobs/view/4406134052 , ,li-4406134052,temporary,,,,,,True,entry level,Management and Manufacturing,,,Software Development,https://uk.linkedin.com/company/prolific-com,,,,,,,,,,,
linkedin,"Medizinisch-pflegerische Unterrichtsassistenz (m/w/d) an der Ludwig-Guttmann-Schule, Außenstelle Kronau",Landratsamt Karlsruhe,"Kronau, Baden-Württemberg, Germany",2026-04-24,https://www.linkedin.com/jobs/view/4406157169 , ,li-4406157169,parttime,,,,,,False,entry level,Health Care Provider,,,Government Administration,https://de.linkedin.com/company/landratsamt-karlsruhe,,,,,,,,,,,
linkedin,Research & Teaching Assistant (Sustainability Management ) f/md/d | Part-Time (50%),EBS Universität für Wirtschaft und Recht,"Oestrich-Winkel, Hesse, Germany",2026-04-24,https://www.linkedin.com/jobs/view/4384353962 , ,li-4384353962,fulltime,,,,,,False,entry level,Business Development and Sales,,"julia.hartmann@ebs.edu, kira.schaumburg@ebs.edu",Individual and Family Services,https://de.linkedin.com/school/ebs-universit%C3%A4t-f%C3%BCr-wirtschaft-und-recht/,,,,,,,,,,,
linkedin,"Studienassistentin/ Studienassistent, Study Nurse - Klinik für Anästhesiologie, Intensivmedizin und Schmerztherapie",Universitätsmedizin Frankfurt,"Frankfurt, Hesse, Germany",2026-04-24,https://www.linkedin.com/jobs/view/4406387864 , ,li-4406387864,fulltime,,,,,,False,entry level,Health Care Provider,,,Hospitals and Health Care,https://de.linkedin.com/company/universit%C3%A4tsmedizin-frankfurt,,,,,,,,,,,
linkedin,Research Associate / Wissenschaftliche*r Mitarbeiter*in at the Institute of Medical Technology and Intelligent Systems,Hamburg University of Technology,"Hamburg, Hamburg, Germany",2026-04-23,https://www.linkedin.com/jobs/view/4405659741 , ,li-4405659741,fulltime,,,,,,False,entry level,Information Technology,,schlaefer@tuhh.de,Internet Publishing,https://de.linkedin.com/school/technische-universit%C3%A4t-hamburg/,,,,,,,,,,,
linkedin,Wissenschaftliche*r Mitarbeiter*in,BECK Stellenmarkt,"Göttingen, Lower Saxony, Germany",2026-04-23,https://www.linkedin.com/jobs/view/4405604914 , ,li-4405604914,parttime,,,,,,False,entry level,Legal,,anja.zellner@jura.uni,Legal Services,https://www.linkedin.com/showcase/beck-stellenmarkt/,,,,,,,,,,,
linkedin,Doctoral Researcher in Organic Chemistry,Friedrich Schiller University Jena,"Jena, Thuringia, Germany",2026-04-23,https://www.linkedin.com/jobs/view/4405681105 , ,li-4405681105,parttime,,,,,,False,entry level,"Research, Analyst, and Information Technology",,,Internet Publishing,https://de.linkedin.com/school/friedrich-schiller-universit%C3%A4t-jena/,,,,,,,,,,,
linkedin,Wissenschaftliche:r Mitarbeiter:in / Postdoktorand:in,Friedrich Schiller University Jena,"Jena, Thuringia, Germany",2026-04-23,https://www.linkedin.com/jobs/view/4405681149 , ,li-4405681149,fulltime,,,,,,False,internship,"Research, Analyst, and Information Technology",,,Internet Publishing,https://de.linkedin.com/school/friedrich-schiller-universit%C3%A4t-jena/,,,,,,,,,,,
linkedin,Wissenschaftliche/r Mitarbeiter/in,SFB 1313 | University of Stuttgart,,2026-04-23,https://www.linkedin.com/jobs/view/4403231936 , ,li-4403231936,fulltime,,,,,,False,entry level,"Research, Analyst, and Information Technology",,produktion@bwi.uni,Research,https://de.linkedin.com/company/sfb-1313,,,,,,,,,,,
linkedin,Wissenschaftliche/-n Mitarbeiter/-in (Doktorand/-in / Postdoktorand/-in m/w/d),Land Niedersachsen,,2026-04-23,https://www.linkedin.com/jobs/view/4402140752 , ,li-4402140752,fulltime,,,,,,False,entry level,"Research, Analyst, and Information Technology",,,Government Administration,https://de.linkedin.com/company/arbeitgeber-niedersachsen,,,,,,,,,,,
linkedin,Wissenschaftliche/r Mitarbeiter/in (m/w/d) - Fertigungstechnik,Universität Rostock,"Rostock, Mecklenburg-West Pomerania, Germany",2026-04-23,https://www.linkedin.com/jobs/view/4405852220 , ,li-4405852220,fulltime,,,,,,False,entry level,"Research, Analyst, and Information Technology",,,Internet Publishing,https://de.linkedin.com/school/university-of-rostock/,,,,,,,,,,,
linkedin,Research Analyst,Cushman & Wakefield,"Berlin, Berlin, Germany",2026-04-23,https://www.linkedin.com/jobs/view/4405674165 , ,li-4405674165,fulltime,,,,,,False,entry level,"Research, Analyst, and Information Technology",,,Real Estate,https://www.linkedin.com/company/cushman-&-wakefield,,,,,,,,,,,
linkedin,Wissenschaftliche/r Mitarbeiter/in (m/w/d) - Maritime Regelungstechnik,Universität Rostock,"Rostock, Mecklenburg-West Pomerania, Germany",2026-04-23,https://www.linkedin.com/jobs/view/4405840584 , ,li-4405840584,fulltime,,,,,,False,mid-senior level,"Research, Analyst, and Information Technology",,,Internet Publishing,https://de.linkedin.com/school/university-of-rostock/,,,,,,,,,,,
linkedin,Germany Residents - Survey Participants - Germany,Prolific,"Berlin, Germany",2026-04-23,https://www.linkedin.com/jobs/view/4405864549 , ,li-4405864549,temporary,,,,,,True,entry level,Management and Manufacturing,,,Software Development,https://uk.linkedin.com/company/prolific-com,,,,,,,,,,,
linkedin,"Germany Residents - Survey Participants - Bremen, Germany",Prolific,"Bremen, Bremen, Germany",2026-04-23,https://www.linkedin.com/jobs/view/4405858615 , ,li-4405858615,temporary,,,,,,True,entry level,Management and Manufacturing,,,Software Development,https://uk.linkedin.com/company/prolific-com,,,,,,,,,,,
linkedin,"Germany Residents - Survey Participants - Bochum, Germany",Prolific,"Bochum, North Rhine-Westphalia, Germany",2026-04-23,https://www.linkedin.com/jobs/view/4405868393 , ,li-4405868393,temporary,,,,,,True,entry level,Management and Manufacturing,,,Software Development,https://uk.linkedin.com/company/prolific-com,,,,,,,,,,,
linkedin,"Germany Residents - Survey Participants - Aachen, Germany",Prolific,"Aachen, North Rhine-Westphalia, Germany",2026-04-23,https://www.linkedin.com/jobs/view/4405871351 , ,li-4405871351,temporary,,,,,,True,entry level,Management and Manufacturing,,,Software Development,https://uk.linkedin.com/company/prolific-com,,,,,,,,,,,
linkedin,"Germany Residents - Survey Participants - Dresden, Germany",Prolific,"Dresden, Saxony, Germany",2026-04-23,https://www.linkedin.com/jobs/view/4405873249 , ,li-4405873249,temporary,,,,,,True,entry level,Management and Manufacturing,,,Software Development,https://uk.linkedin.com/company/prolific-com,,,,,,,,,,,
linkedin,"Germany Residents - Survey Participants - Gelsenkirchen, Germany",Prolific,"Gelsenkirchen, North Rhine-Westphalia, Germany",2026-04-23,https://www.linkedin.com/jobs/view/4405869403 , ,li-4405869403,temporary,,,,,,True,entry level,Management and Manufacturing,,,Software Development,https://uk.linkedin.com/company/prolific-com,,,,,,,,,,,
linkedin,"Germany Residents - Survey Participants - Münster, Germany",Prolific,"Münster, North Rhine-Westphalia, Germany",2026-04-23,https://www.linkedin.com/jobs/view/4405861610 , ,li-4405861610,temporary,,,,,,True,entry level,Management and Manufacturing,,,Software Development,https://uk.linkedin.com/company/prolific-com,,,,,,,,,,,
linkedin,"Germany Residents - Survey Participants - Bonn, Germany",Prolific,"Bonn, North Rhine-Westphalia, Germany",2026-04-23,https://www.linkedin.com/jobs/view/4405864541 , ,li-4405864541,temporary,,,,,,True,entry level,Management and Manufacturing,,,Software Development,https://uk.linkedin.com/company/prolific-com,,,,,,,,,,,
linkedin,"Germany Residents - Survey Participants - Wuppertal, Germany",Prolific,"Wuppertal, North Rhine-Westphalia, Germany",2026-04-23,https://www.linkedin.com/jobs/view/4405858622 , ,li-4405858622,temporary,,,,,,True,entry level,Management and Manufacturing,,,Software Development,https://uk.linkedin.com/company/prolific-com,,,,,,,,,,,
linkedin,"Germany Residents - Survey Participants - Mönchengladbach, Germany",Prolific,"Mönchengladbach, North Rhine-Westphalia, Germany",2026-04-23,https://www.linkedin.com/jobs/view/4405871353 , ,li-4405871353,temporary,,,,,,True,entry level,Management and Manufacturing,,,Software Development,https://uk.linkedin.com/company/prolific-com,,,,,,,,,,,
linkedin,"Germany Residents - Survey Participants - Nuremberg, Germany",Prolific,"Nuremberg, Bavaria, Germany",2026-04-23,https://www.linkedin.com/jobs/view/4405876171 , ,li-4405876171,temporary,,,,,,True,entry level,Management and Manufacturing,,,Software Development,https://uk.linkedin.com/company/prolific-com,,,,,,,,,,,
linkedin,"Germany Residents - Survey Participants - Braunschweig, Germany",Prolific,,2026-04-23,https://www.linkedin.com/jobs/view/4405867420 , ,li-4405867420,temporary,,,,,,True,entry level,Management and Manufacturing,,,Software Development,https://uk.linkedin.com/company/prolific-com,,,,,,,,,,,
linkedin,"Germany Residents - Survey Participants - Karlsruhe, Germany",Prolific,"Karlsruhe, Baden-Württemberg, Germany",2026-04-23,https://www.linkedin.com/jobs/view/4405872341 , ,li-4405872341,temporary,,,,,,True,entry level,Management and Manufacturing,,,Software Development,https://uk.linkedin.com/company/prolific-com,,,,,,,,,,,
linkedin,Wissenschaftliche/r Mitarbeiter/in (w/m/d) – Systemidentifikation unbemannter Flugsyteme,RWTH Aachen University,"Aachen, North Rhine-Westphalia, Germany",2026-04-23,https://www.linkedin.com/jobs/view/4405820131 , ,li-4405820131,fulltime,,,,,,False,entry level,"Research, Analyst, and Information Technology",,,Research Services,https://de.linkedin.com/school/rwth-aachen-university/,,,,,,,,,,,
linkedin,"Germany Residents - Survey Participants - Augsburg, Germany",Prolific,"Augsburg, Bavaria, Germany",2026-04-23,https://www.linkedin.com/jobs/view/4405860609 , ,li-4405860609,temporary,,,,,,True,entry level,Management and Manufacturing,,,Software Development,https://uk.linkedin.com/company/prolific-com,,,,,,,,,,,
linkedin,"Germany Residents - Survey Participants - Kiel, Germany",Prolific,"Kiel, Schleswig-Holstein, Germany",2026-04-23,https://www.linkedin.com/jobs/view/4405855815 , ,li-4405855815,temporary,,,,,,True,entry level,Management and Manufacturing,,,Software Development,https://uk.linkedin.com/company/prolific-com,,,,,,,,,,,
linkedin,Wissenschaftliche Mitarbeiter/ Rechtsreferendare Tax (m/w/d),Grant Thornton Germany,"Düsseldorf, North Rhine-Westphalia, Germany",2026-04-23,https://www.linkedin.com/jobs/view/4378361666 , ,li-4378361666,fulltime,,,,,,False,entry level,Consulting,,karriere@de.gt.com,Legal Services and Business Consulting and Services,https://de.linkedin.com/company/grant-thornton-germany,,,,,,,,,,,
linkedin,Wissenschaftliche/r Mitarbeiter/in (m/w/d) - Maschinelles Lernen,Universität Rostock,"Rostock, Mecklenburg-West Pomerania, Germany",2026-04-23,https://www.linkedin.com/jobs/view/4405846424 , ,li-4405846424,fulltime,,,,,,False,not applicable,"Research, Analyst, and Information Technology",,,Internet Publishing,https://de.linkedin.com/school/university-of-rostock/,,,,,,,,,,,
linkedin,Wissenschaftliche/r Mitarbeiter/in (m/w/d) - Studienvoraussetzungen und Studienerfolg,Universität Rostock,"Rostock, Mecklenburg-West Pomerania, Germany",2026-04-23,https://www.linkedin.com/jobs/view/4405853161 , ,li-4405853161,fulltime,,,,,,False,entry level,"Research, Analyst, and Information Technology",,,Internet Publishing,https://de.linkedin.com/school/university-of-rostock/,,,,,,,,,,,
linkedin,Wissenschaftliche/r Mitarbeiter/in / Postdoktorand/in (m/w/d) - Maritime Regelungstechnik,Universität Rostock,"Rostock, Mecklenburg-West Pomerania, Germany",2026-04-23,https://www.linkedin.com/jobs/view/4405844439 , ,li-4405844439,fulltime,,,,,,False,mid-senior level,"Research, Analyst, and Information Technology",,,Internet Publishing,https://de.linkedin.com/school/university-of-rostock/,,,,,,,,,,,
linkedin,Market Research Analyst (Remote - within Europe),SlashData,,2026-04-23,https://www.linkedin.com/jobs/view/4405673625 , ,li-4405673625,fulltime,,,,,,True,associate,Research,,,IT Services and IT Consulting,https://uk.linkedin.com/company/slashdata,,,,,,,,,,,
linkedin,AI Data Quality Analyst,Alignerr,,2026-04-23,https://www.linkedin.com/jobs/view/4405467882 , ,li-4405467882,contract,,,,,,True,entry level,Information Technology,,,"Technology, Information and Internet",https://www.linkedin.com/company/alignerr,,,,,,,,,,,
linkedin,Data Analyst (m/w/d),Strategy&,"Frankfurt, Hesse, Germany",2026-04-23,https://www.linkedin.com/jobs/view/4403204127 , ,li-4403204127,fulltime,,,,,,False,not applicable,Analyst,,,Accounting and Legal Services,https://www.linkedin.com/company/strategyand,,,,,,,,,,,
linkedin,Auszubildender zum Fachinformatiker Daten- und Prozessanalyse (m/w/d) - Ausbildungsbeginn 2027,NETZSCH Group,"Waldkraiburg, Bavaria, Germany",2026-04-22,https://www.linkedin.com/jobs/view/4402812709 , ,li-4402812709,fulltime,,,,,,False,internship,Management and Manufacturing,,,Machinery Manufacturing,https://de.linkedin.com/company/netzsch-group,,,,,,,,,,,
linkedin,Wissenschaftliche*r Mitarbeiter*in (Doktorand*in),Marburg University,"Marburg an der Lahn, Hesse, Germany",2026-04-22,https://www.linkedin.com/jobs/view/4405408636 , ,li-4405408636,fulltime,,,,,,False,internship,"Research, Analyst, and Information Technology",,jens.puschke@jura.uni,Internet Publishing,https://de.linkedin.com/school/philipps-universit-t-marburg/,,,,,,,,,,,
linkedin,Postdoctoral Researcher in Production and Resource Economics,Technische Universität München (Technical University of Munich),"Munich, Bavaria, Germany",2026-04-22,https://www.linkedin.com/jobs/view/4404484669 , ,li-4404484669,fulltime,,,,,,False,internship,"Research, Analyst, and Information Technology",,"jo.sauer@tum.de, maria.vrachioli@tum.de, fabian.frick@tum.de, fabian.frick@tum.de",Higher Education,https://de.linkedin.com/school/c446-deccan-m.ed-college-gulbarga/,,,,,,,,,,,
linkedin,Research Assistant,Pawsome,,,https://www.linkedin.com/jobs/view/4406088707 , ,li-4406088707,parttime,,,,,,False,entry level,"Research, Analyst, and Information Technology",,,,https://uk.linkedin.com/company/pawsome,,,,,,,,,,,
linkedin,Remote Chemistry Researcher (PhD),Turing,"Berlin, Germany",,https://www.linkedin.com/jobs/view/4408245006 , ,li-4408245006,contract,,,,,,True,entry level,Information Technology,,,"Technology, Information and Media",https://www.linkedin.com/company/turingcom,,,,,,,,,,,
linkedin,Wissenschaftliche*r Mitarbeiter*in am Institut für Technische Logistik,Hamburg University of Technology,"Hamburg, Hamburg, Germany",,https://www.linkedin.com/jobs/view/4408080766 , ,li-4408080766,fulltime,,,,,,False,mid-senior level,"Research, Analyst, and Information Technology",,hendrik.wilhelm.rose@tuhh.de,Internet Publishing,https://de.linkedin.com/school/technische-universit%C3%A4t-hamburg/,,,,,,,,,,,
linkedin,Weiterbildung: Data Science & Business Analytics (IHK) (m/w/d) - Remote,DataSmart Point GmbH,,,https://www.linkedin.com/jobs/view/4406009570 , ,li-4406009570,fulltime,,,,,,True,entry level,Information Technology,,,Professional Training and Coaching,https://de.linkedin.com/school/datasmartpoint/,,,,,,,,,,,
linkedin,Bachelor Data Science & KI (m/w/d) – Duales Studium,Wieland Group,"Vöhringen, Bavaria, Germany",,https://www.linkedin.com/jobs/view/4406962982 , ,li-4406962982,fulltime,,,,,,False,internship,Engineering and Information Technology,,,Fabricated Metal Products,https://de.linkedin.com/company/wielandgroup,,,,,,,,,,,
linkedin,Researcher (Postdoctoral) - Geophysical Modeling of Geothermal Systems (f/m/x),University of Cologne,,,https://www.linkedin.com/jobs/view/4408279370 , ,li-4408279370,fulltime,,,,,,True,entry level,Research and Education,,,Higher Education,https://de.linkedin.com/school/university-of-cologne/,,,,,,,,,,,
linkedin,"Senior AI Researcher, LLM",Cerence AI,"Aachen, North Rhine-Westphalia, Germany",,https://www.linkedin.com/jobs/view/4401936871 , ,li-4401936871,fulltime,,,,,,True,mid-senior level,Engineering and Information Technology,,,Software Development,https://www.linkedin.com/company/cerence,,,,,,,,,,,
linkedin,Analytics Solution Officer - based in Luxembourg,European Investment Bank (EIB),"Berlin, Berlin, Germany",,https://www.linkedin.com/jobs/view/4408036626 , ,li-4408036626,fulltime,,,,,,False,not applicable,Information Technology,,Jobs@eib.org,Banking,https://lu.linkedin.com/company/european-investment-bank,,,,,,,,,,,
linkedin,Aviation Data Analyst,Jeppesen ForeFlight,"Neu-Isenburg, Hesse, Germany",,https://www.linkedin.com/jobs/view/4395472866 , ,li-4395472866,fulltime,,,,,,False,entry level,Information Technology,,,Software Development,https://www.linkedin.com/company/jeppesen-foreflight,,,,,,,,,,,
linkedin,Sustainability Data & Audit Analyst (f-m-d),Techtronic Industries EMEA,"Winnenden, Baden-Württemberg, Germany",,https://www.linkedin.com/jobs/view/4408217284 , ,li-4408217284,fulltime,,,,,,False,mid-senior level,Finance and Sales,,,Manufacturing,https://uk.linkedin.com/company/techtronic-industries-emea-ltd,,,,,,,,,,,
linkedin,Wissenschaftliche Mitarbeiter (m/w/d) alle Fachbereiche,Oppenhoff,"Frankfurt, Hesse, Germany",,https://www.linkedin.com/jobs/view/4408075302 , ,li-4408075302,internship,,,,,,False,internship,Legal,,,Law Practice,https://de.linkedin.com/company/oppenhoff,,,,,,,,,,,
linkedin,wissenschaftliche*n Mitarbeiter*in (m/w/d),Ostfalia - University of Applied Sciences,"Wolfsburg, Lower Saxony, Germany",,https://www.linkedin.com/jobs/view/4408017219 , ,li-4408017219,fulltime,,,,,,False,entry level,"Research, Analyst, and Information Technology",,,Internet Publishing,https://de.linkedin.com/school/ostfalia---university-of-applied-sciences/,,,,,,,,,,,
linkedin,Wissenschaftliche Mitarbeiter (m/w/d) Private Equity / M&A,Oppenhoff,"Frankfurt, Hesse, Germany",,https://www.linkedin.com/jobs/view/4408084129 , ,li-4408084129,internship,,,,,,False,internship,Legal,,,Law Practice,https://de.linkedin.com/company/oppenhoff,,,,,,,,,,,
linkedin,Wissenschaftliche Mitarbeiter (m/w/d) im Bereich Prozessführung und Schiedsverfahren,"SZA Schilling, Zutt & Anschütz","Mannheim, Baden-Württemberg, Germany",,https://www.linkedin.com/jobs/view/4408064596 , ,li-4408064596,internship,,,,,,False,internship,Legal,,,Law Practice,https://de.linkedin.com/company/sza-schilling-zutt-&-anschuetz,,,,,,,,,,,
linkedin,Research Engineer Neuro-Symbolic AI & Mulitmodal Assistant Systems (f/m/div.),Bosch,"Renningen, Baden-Württemberg, Germany",,https://www.linkedin.com/jobs/view/4406962920 , ,li-4406962920,fulltime,,,,,,False,associate,Research,,,Software Development,https://de.linkedin.com/company/bosch,,,,,,,,,,,
linkedin,Referendare / Wiss. Mitarbeiter in der Steuerberatung / Tax - Schwerpunkt Umsatzsteuer / Indirect Tax (m/w/d),RSM Ebner Stolz,"Hamburg, Hamburg, Germany",,https://www.linkedin.com/jobs/view/4361172157 , ,li-4361172157,fulltime,,,,,,False,entry level,Legal,,,Professional Services,https://de.linkedin.com/company/rsm-ebner-stolz,,,,,,,,,,,
linkedin,Wissenschaftliche Mitarbeiter (m/w/d),"SZA Schilling, Zutt & Anschütz","Frankfurt, Hesse, Germany",,https://www.linkedin.com/jobs/view/4408065478 , ,li-4408065478,internship,,,,,,False,internship,Legal,,,Law Practice,https://de.linkedin.com/company/sza-schilling-zutt-&-anschuetz,,,,,,,,,,,
